[
  {
    "relation": [
      "delegate_permission/common.handle_all_urls"
    ],
    "target": {
      "namespace": "android_app",
      "package_name": "in.amazon.mShop.android.shopping",
      "sha256_cert_fingerprints": [
        "2F:19:AD:EB:28:4E:B3:6F:7F:07:78:61:52:B9:A1:D1:4B:21:65:32:03:AD:0B:04:EB:BF:9C:73:AB:6D:76:25"
      ]
    }
  },
  {
    "relation": ["delegate_permission/common.handle_all_urls"],
    "target": {
      "namespace": "android_app",
      "package_name": "in.amazon.mShop.android.shopping",
      "sha256_cert_fingerprints":
      ["7C:AC:39:19:37:98:1B:61:34:BD:CE:1F:D9:83:4C:25:31:81:F5:AB:F9:1D:ED:60:78:21:0D:0F:91:AC:E3:60"]
    }
  },
  {
    "relation": ["delegate_permission/common.handle_all_urls"],
    "target": {
      "namespace": "android_app",
      "package_name": "com.amazon.mShop.android.beta",
      "sha256_cert_fingerprints":
      ["7C:AC:39:19:37:98:1B:61:34:BD:CE:1F:D9:83:4C:25:31:81:F5:AB:F9:1D:ED:60:78:21:0D:0F:91:AC:E3:60"]
    }
  },
  {
    "relation": ["delegate_permission/common.handle_all_urls"],
    "target": {
      "namespace": "android_app",
      "package_name": "com.amazon.mShop.android.beta",
      "sha256_cert_fingerprints":
      ["2F:19:AD:EB:28:4E:B3:6F:7F:07:78:61:52:B9:A1:D1:4B:21:65:32:03:AD:0B:04:EB:BF:9C:73:AB:6D:76:25"]
    }
  }]